y_true,y_pred
784.38,668.40906
502.69,636.3015
824.97,678.7085
1106.47,945.8876
1127.94,1038.5969
1051.4,1046.6583
1007.95,927.33417
772.35,724.05884
605.39,629.04956
772.99,674.2384
613.93,680.7031
859.13,690.88086
721.69,774.8782
1022.7,874.8039
663.82,784.16956
929.5,700.5097
790.34,661.2273
641.4,553.37463
453.58,457.51187
272.78,362.21204
293.09,330.68506
487.78,313.99057
398.34,314.11142
232.83,324.8877
523.32,365.04736
581.43,481.97296
491.38,557.0515
541.45,586.006
727.86,553.8103
443.73,505.35706
396.68,477.54218
674.7,463.91266
494.45,451.6037
323.01,424.41867
376.47,409.17853
602.73,449.51263
429.68,429.28137
383.86,370.5912
375.18,304.63312
321.11,320.59485
445.21,381.61188
484.44,452.47583
618.11,515.3714
604.76,538.87195
561.76,568.91766
761.14,604.73914
745.82,615.9501
637.57,591.4794
483.83,539.1596
667.86,567.83295
815.36,678.06836
812.74,742.9011
762.29,721.02203
659.48,714.15857
750.96,593.9642
515.47,549.35046
565.16,611.4156
898.28,738.3548
851.67,769.17474
685.91,634.46704
495.43,520.9668
486.62,422.2434
421.79,386.632
430.48,397.18167
458.0,441.26416
596.74,495.90552
543.29,504.37842
446.51,445.4252
528.83,423.5517
463.28,443.34756
483.16,443.31003
530.22,466.4263
532.84,464.6587
515.53,458.4708
472.75,443.32935
496.36,456.74707
585.12,504.15515
592.19,536.53986
554.31,549.11426
651.71,544.54614
555.36,559.44226
734.54,602.29517
623.46,596.6727
514.11,522.8268
603.33,491.25708
539.52,518.06903
621.19,523.8199
567.01,503.19354
525.35,474.1035
442.34,454.77728
540.03,455.72693
594.59,460.46545
486.07,427.636
451.98,398.95416
396.12,379.38647
445.77,449.63953
639.36,599.4492
867.68,785.3088
937.45,903.2512
985.4,880.7042
754.77,707.5736
515.24,528.61194
415.1,379.21735
442.91,345.14304
349.02,302.72144
397.09,301.55493
303.39,274.13138
405.33,293.6848
401.15,366.60446
416.9,442.48608
640.15,541.0841
556.03,578.6029
735.48,772.2964
1000.16,810.9029
580.21,685.3796
300.73,323.1678
280.79,238.06747
307.5,231.78442
592.34,445.04395
465.21,401.15216
407.43,366.30573
471.77,366.20883
310.35,322.09396
418.37,304.66522
438.05,356.2715
531.28,417.26276
676.37,463.64355
471.45,465.37946
394.76,590.1046
818.36,603.2417
1077.01,843.72345
385.69,608.3273
-0.92,-13.675354
-0.6,-178.57117
-0.47,-43.721863
441.98,472.79987
874.32,731.41113
1100.1,904.01904
768.38,820.93555
1251.72,941.53235
1293.78,1299.2456
1466.39,1390.2743
1408.87,1318.7456
1458.49,1266.2146
1091.72,1118.8286
1214.5,1036.5918
1310.03,1075.5009
1024.65,1142.3806
1806.5,1426.1521
1401.75,1503.9089
1068.21,1154.661
1181.93,935.92255
876.79,832.8745
1424.33,1174.6377
1163.24,1210.4248
1066.97,1001.77936
1203.51,1004.308
1150.45,1034.6521
1056.66,945.4241
1011.22,939.8779
968.27,940.6765
1243.07,1038.4033
1247.06,1242.1348
1636.59,1420.7612
1257.98,1377.2572
1541.98,1412.327
1769.13,1507.399
1450.58,1523.7654
1679.08,1473.9702
1629.23,1429.0011
1539.93,1398.6111
1378.94,1385.9858
1415.98,1452.0162
1868.73,1647.6503
1852.54,1771.948
1841.41,1703.303
1520.61,1576.4122
1692.94,1598.4486
1908.66,1619.3848
1797.34,1702.5815
1567.04,1787.416
1720.13,1771.761
2017.25,1564.1067
1566.63,1533.8589
1267.52,1468.9512
2035.01,1656.2844
2039.87,1944.418
1923.63,2003.5259
2037.21,1931.1162
1962.47,1892.826
1996.82,1942.9812
2030.47,1927.2303
1837.5,1925.8134
1954.87,1839.2601
2001.14,1950.6111
1983.81,1984.2266
2004.48,1896.3923
1822.83,1716.884
1755.65,1473.6888
787.26,963.60815
358.32,672.4178
775.19,758.2098
1495.74,980.0558
1724.94,1286.49
1753.25,1343.4656
1215.88,1404.7827
1319.95,1351.4515
1555.75,1313.1016
1185.22,1212.4519
1192.08,1137.7434
1234.6,1229.9132
1350.43,1233.6501
1469.19,1426.5557
1721.85,1672.9578
1892.55,1803.3604
1919.48,1767.8872
1705.95,1708.2979
1618.88,1575.7708
1726.47,1547.4052
1691.2,1543.316
1475.76,1530.6293
1586.54,1488.5225
1394.07,1415.3552
1854.85,1631.6138
1713.84,1716.4985
1778.0,1568.5759
1481.38,1508.437
1530.56,1445.5525
1595.62,1403.7266
1503.53,1585.9203
1592.57,1604.7463
1613.9,1328.6018
875.85,1062.5964
1410.52,1057.2373
1486.93,1416.0718
1474.21,1553.4515
1784.09,1673.7244
1673.4,1566.569
1759.11,1708.2202
1827.81,1655.9081
1480.74,1513.5955
1506.61,1329.3916
1327.82,1250.8699
1191.13,1102.5442
976.87,949.4691
1411.38,1201.1375
1456.03,1540.4819
1716.6,1582.1008
1635.61,1579.2434
1833.08,1634.214
1488.21,1489.2727
1246.61,1322.7708
1522.2,1318.5068
1636.51,1400.3058
1233.97,1362.6488
1445.41,1203.6123
1309.75,1140.415
1158.93,1054.022
971.53,970.9748
910.73,851.94867
869.24,724.1018
703.25,599.4245
573.85,476.0423
473.58,408.35413
542.14,432.11316
623.21,506.0733
566.96,521.7605
592.57,493.97083
567.49,437.2347
515.92,402.12604
405.24,349.1328
564.7,364.97174
504.56,493.01788
746.82,557.161
533.87,552.51245
880.31,599.5762
554.96,631.77405
669.08,602.9783
818.45,600.59827
731.44,579.0177
760.3,599.7771
614.25,508.60233
504.4,560.0204
514.34,607.9561
736.49,721.4153
1160.76,865.48346
644.87,791.15076
594.84,455.5962
645.11,401.60815
545.63,526.82367
903.47,969.3042
1563.55,1359.1565
1913.73,1671.4963
1737.55,1755.8513
1940.14,1759.7345
1936.75,1716.8457
1705.65,1708.1926
1901.64,1754.1964
1731.01,1667.9708
1922.13,1739.6564
1961.08,1869.0559
1932.26,1834.4899
1876.08,1757.8638
1797.55,1763.4453
1791.66,1752.5618
1848.86,1779.7708
1862.24,1824.7313
1988.68,1805.1807
1768.2,1711.9404
1442.64,1448.886
1267.44,1237.2554
1067.88,1072.1558
1269.13,1022.43567
866.38,991.47095
957.11,990.6626
1374.77,1102.7047
1105.03,1149.0111
1073.83,1105.2319
1173.63,1056.9117
1169.8,1074.2048
1191.92,1052.4948
1098.63,1082.363
1305.33,1081.8387
991.09,1002.0831
742.67,697.02954
757.12,639.88086
766.91,700.2242
870.01,751.0028
1008.25,928.35046
1135.41,1102.0522
1465.74,1388.586
1669.94,1496.7537
1314.82,1445.654
1371.91,1155.4836
1181.04,1023.7866
947.58,1020.6503
1432.74,1155.9949
1255.32,1361.0883
1582.87,1354.928
1524.08,1438.3279
1742.64,1590.6804
1603.2,1530.0331
1708.14,1551.8071
1647.27,1584.7777
1555.85,1499.54
1677.29,1534.7583
1562.02,1562.1406
1644.13,1535.0474
1631.29,1538.4408
1723.18,1620.2253
1672.94,1552.9385
1456.18,1443.1599
1525.84,1369.624
1444.12,1393.7007
1659.97,1494.3601
1423.77,1449.3942
1510.41,1347.5266
1412.93,1407.6177
1541.33,1465.0559
1578.68,1475.5665
1582.6,1506.1636
1652.8,1498.1614
1451.05,1474.7109
1436.1,1324.5867
1349.23,1291.2126
1647.99,1387.7859
1190.29,1297.2036
1342.72,1172.4822
1497.16,1289.9905
1461.43,1362.062
1442.94,1498.7853
1651.3,1539.311
1701.01,1491.8989
1621.78,1490.3108
1458.12,1453.437
1676.4,1486.3813
1669.93,1639.0521
1819.48,1673.5798
1740.28,1670.936
1832.14,1657.5068
1680.78,1631.764
1644.1,1492.0353
1547.38,1408.0867
1529.67,1367.8022
1299.74,1323.8885
1618.26,1420.2057
1760.6,1462.0239
1249.28,1439.5725
1867.09,1446.6799
1639.72,1496.7449
1400.4,1370.5527
1290.63,1163.8212
1017.54,1034.3035
1363.8,1175.8574
1498.35,1368.073
1408.41,1365.5259
1569.82,1433.4568
1542.54,1466.3162
1770.87,1492.0518
1577.6,1480.8888
1321.7,1310.2295
1371.51,1197.7482
1289.9,1313.4204
1675.5,1438.2498
1485.96,1407.7551
1252.39,1063.9072
798.1,830.2418
851.27,815.44867
1131.01,970.5659
1104.83,1030.1487
981.27,1025.2399
1309.52,1084.9749
1362.93,1202.9995
1425.8,1251.9648
1209.2,1180.3347
1315.18,1264.7373
1474.67,1257.217
1073.62,1168.1571
1237.36,1151.9688
1576.71,1352.387
1345.86,1400.0142
1430.18,1407.9438
1505.55,1257.7373
1135.97,1190.1279
1170.91,1162.2681
1388.1,1187.4392
1475.26,1243.3616
1321.06,1306.3857
1304.4,1328.2368
1561.51,1335.7402
1401.69,1436.9607
1951.43,1692.4324
1938.09,1935.5107
1976.97,1923.6301
1980.08,1837.9565
1871.5,1847.0176
1921.37,1864.6841
2021.66,1916.8966
2002.19,1911.2288
2032.23,1888.3264
1973.36,1893.5984
1948.06,1825.9281
1881.86,1818.136
1972.67,1837.8651
2016.33,1901.1514
2004.95,1911.2168
1961.43,1881.7704
1969.01,1863.72
1962.5,1848.5222
1893.21,1826.8441
1941.85,1813.5936
1907.56,1812.7603
1889.51,1810.6147
1907.54,1807.3798
1928.91,1827.3281
1913.78,1819.3425
1916.54,1772.9556
1782.08,1738.4958
1780.41,1717.7014
1894.17,1724.2864
1818.93,1718.5378
1741.31,1694.4639
1803.62,1692.0251
1814.34,1724.8258
1888.16,1777.9365
1898.84,1802.2849
1889.16,1796.5408
1888.07,1800.9414
1899.72,1806.553
1903.38,1810.8779
1886.84,1794.8027
1877.77,1774.9856
1846.78,1742.39
1829.58,1716.8475
1777.83,1690.6174
1762.05,1697.6311
1877.07,1735.4573
1877.02,1771.8213
1840.99,1755.2771
1821.71,1728.4263
1831.55,1729.0898
1835.13,1736.9988
1828.86,1737.334
1834.73,1733.6659
1833.92,1736.1182
1834.42,1741.0803
1878.17,1750.0469
1862.41,1755.6162
1876.2,1762.1895
1846.93,1752.3267
1852.51,1756.6163
1833.01,1762.7777
1838.95,1751.3604
1842.24,1754.0874
1830.11,1753.719
1842.13,1661.3657
1693.99,1503.7977
1398.57,1350.9221
1311.45,1294.4331
1685.67,1425.2212
1670.69,1653.2269
1791.97,1645.4817
1683.23,1594.9202
1665.53,1577.1631
1585.49,1545.0704
1707.8,1491.7122
1412.6,1389.6621
1277.48,1287.5134
1520.13,1320.9661
1478.52,1409.1365
1512.97,1378.6282
1377.57,1262.6157
1318.74,1261.5784
1332.8,1267.4365
1511.42,1342.972
1310.62,1302.2571
1397.73,1226.6775
1265.08,1227.648
1379.37,1263.2902
1377.0,1299.8892
1514.14,1349.9128
1372.62,1359.294
1401.05,1362.1488
1504.55,1387.7012
1604.46,1406.6033
1454.58,1391.4911
1365.38,1361.2753
1449.07,1358.8479
1502.97,1406.7007
1594.31,1427.1914
1492.3,1407.0842
1402.36,1363.7888
1503.95,1355.8062
1487.86,1389.6715
1441.39,1389.9037
1512.43,1343.3147
1288.54,1258.8877
1221.56,1226.2086
1329.32,1241.5227
1490.88,1268.968
1362.14,1211.6416
1233.44,1133.3087
999.39,1043.0592
1079.26,1042.6967
1217.8,1096.3955
1384.43,1156.2683
1264.43,1136.3647
1074.9,1097.6631
1221.94,1030.9451
1094.23,1000.2783
1059.93,1088.3925
1374.48,1160.7521
1239.58,1216.2034
1174.48,1123.7017
1110.24,1072.1958
1174.05,1024.7864
1121.47,914.3486
931.59,836.4053
749.74,776.91473
737.62,714.9756
900.28,697.5121
773.59,652.5819
582.3,601.2898
662.33,559.2904
714.48,511.98166
472.46,464.17847
461.84,386.5317
458.73,370.69147
512.66,385.14307
481.66,363.54773
416.92,314.7011
390.94,260.7844
273.63,221.42691
400.82,237.3888
414.6,324.15778
521.75,367.9533
454.64,366.6839
401.18,370.12073
631.12,407.00824
446.35,408.51953
535.56,358.56204
448.9,310.479
371.06,391.48505
715.18,524.3952
881.04,644.89386
585.02,610.16754
705.86,522.7329
684.92,463.32825
456.08,453.66797
410.7,415.9986
598.25,521.017
759.33,544.5333
581.05,490.14288
466.42,348.65717
276.32,289.17523
360.56,260.98978
442.98,260.53015
429.35,298.3755
362.53,367.6278
623.39,428.62277
513.02,420.36877
383.69,372.0443
396.38,351.56546
503.4,361.24252
396.21,378.77463
529.21,477.70563
665.58,527.4504
637.92,605.15393
900.13,742.90594
958.77,831.7378
973.45,875.0537
826.63,814.41235
1078.03,924.8097
1115.65,1084.258
1241.28,1222.7811
1428.38,1342.8949
1574.15,1411.8052
1563.12,1406.6256
1287.08,1282.1874
1297.29,1242.0076
1337.78,1343.7034
1589.82,1397.0085
1567.32,1455.4753
1431.26,1355.8738
1460.0,1337.186
1365.65,1243.9078
1296.27,1188.5989
1154.51,1064.9026
1089.97,976.8874
1019.88,961.0452
1139.98,991.7007
1099.88,1092.9485
1274.51,1120.1326
1229.96,1179.0637
1337.91,1188.1167
1224.07,1113.1918
1072.11,1046.2385
1165.99,991.216
1097.45,980.212
1017.02,977.6224
1067.09,965.8386
1125.53,991.53033
1135.39,1036.2227
1094.57,1093.2665
1250.83,1152.6467
1471.03,1366.5763
1583.41,1546.7441
1724.31,1590.0101
1559.12,1541.6436
1624.53,1483.0405
1528.48,1492.6743
1625.11,1611.3602
1833.58,1670.1499
1924.02,1745.0178
1785.3,1798.8065
1932.37,1807.8903
2006.41,1828.2803
1795.78,1819.527
1987.98,1800.9701
1941.04,1876.2882
1945.13,1881.4717
1952.84,1870.3857
1978.32,1863.5812
1934.96,1859.8529
1933.96,1840.1758
1904.79,1819.0256
1907.81,1805.6052
1861.92,1778.658
1819.86,1750.074
1832.17,1725.4602
1797.44,1721.6619
1790.23,1710.6891
1764.87,1677.3057
1747.07,1655.0627
1755.17,1645.3892
1736.61,1640.2031
1713.59,1630.4697
1702.96,1620.9209
1665.12,1646.4939
1668.4,1605.9382
1641.41,1602.9377
1622.18,1571.6067
1628.7,1582.1787
1623.91,1675.6079
1614.81,1684.8313
1594.93,1672.23
1589.96,1416.7705
1590.4,1151.1305
630.54,640.1991
0.0,568.0654
1460.86,868.5936
1969.37,1244.5757
1983.25,1769.0671
1911.68,2022.022
1845.36,2153.8203
1844.46,2171.935
1780.33,2094.1733
1790.91,1985.6484
1770.52,1680.9471
1789.83,1076.2195
545.07,932.5167
0.0,903.4065
1761.47,988.60236
2044.37,1676.3716
1979.26,1854.3385
1976.72,2058.1348
2015.6,2019.887
1949.82,2098.526
1969.07,1854.264
1976.61,1950.9426
1924.81,2054.0842
1897.33,2017.8921
1920.63,1997.1459
1870.96,2014.4539
1876.1,1911.3857
1821.96,1925.7356
1816.29,1811.3771
1803.73,1603.0948
1810.15,1390.9121
1410.09,1070.4365
0.0,559.1322
0.0,476.3379
493.84,636.8229
1935.27,1327.0256
1944.43,1842.6802
1968.22,2061.7065
1920.88,2055.7986
1921.53,1932.2007
1843.03,1778.6313
1872.99,1795.3765
1946.21,1896.8674
1821.64,1786.0089
1817.6,1721.0144
1701.91,1720.4521
1781.65,1730.8661
1842.11,1656.7247
1394.4,1415.6619
1278.48,1231.1035
1340.34,1169.4238
1210.01,1191.3105
1450.87,1328.7734
1515.36,1365.0151
1286.57,1327.8235
1335.48,1226.325
1245.6,1217.9364
1329.09,1162.309
1008.58,1051.2429
1197.01,1007.8469
1237.84,1087.027
1229.87,1112.2689
1118.3,1131.207
1301.04,1165.6986
1163.77,1193.4519
1643.33,1412.2124
1702.76,1485.4434
1281.1,1344.4706
996.49,1095.2401
1141.74,1024.8251
1188.37,1149.8239
1475.91,1259.4036
1267.38,1355.1582
1688.04,1539.6926
1880.52,1714.3162
1749.68,1669.7041
1635.3,1703.3706
1939.48,1710.1804
1817.93,1752.645
1779.45,1674.2351
1508.26,1512.585
1405.5,1408.9272
1522.09,1321.8395
1172.87,1245.2081
1348.38,1158.502
1358.54,1349.0748
1706.23,1546.0476
1429.82,1492.7866
1442.81,1288.8632
1404.36,1295.4338
1342.2,1229.3997
1314.39,1151.3817
1003.95,1051.7224
1094.34,1048.1047
1226.02,1097.751
1443.84,1157.7295
1184.02,1200.2893
1087.12,1224.6804
1220.06,1286.9509
1697.36,1375.9681
1598.91,1466.0337
1395.09,1539.0779
1782.62,1652.1246
1974.62,1749.1489
1714.39,1704.5544
1601.93,1514.7386
1221.47,1301.2429
1399.4,1192.9854
1169.21,1068.0884
860.42,844.92255
727.55,676.5695
600.02,606.47644
702.54,656.2833
844.31,691.98865
616.4,622.5087
611.35,525.2477
546.86,497.3047
543.63,521.15393
642.28,537.0072
575.84,478.3625
455.32,391.75552
335.33,319.66052
381.2,267.65515
382.88,226.5252
229.6,188.59283
185.94,125.112915
254.42,134.34729
231.67,196.39899
346.37,307.91534
516.23,412.30856
604.57,498.47144
597.74,586.94135
800.93,631.07825
656.47,627.5623
532.12,497.73383
495.8,455.1911
532.57,459.1214
731.65,591.79675
701.09,579.14526
548.04,522.67096
601.61,492.29608
548.68,471.5408
532.21,468.24646
474.74,432.56342
543.17,402.76135
416.82,371.27222
357.0,333.20612
426.27,342.28467
503.27,420.80237
505.67,498.951
714.38,604.7739
729.97,694.35767
769.98,732.369
812.24,725.434
789.5,771.63696
903.48,855.9179
1079.13,1007.116
1235.89,1177.0283
1395.89,1310.6055
1467.64,1436.375
1621.05,1543.7795
1688.93,1659.4905
1824.59,1771.4012
1933.68,1851.4907
1956.35,1891.1987
1932.19,1887.3613
1942.17,1872.733
1951.62,1872.8914
1924.81,1876.2021
1965.15,1885.5254
1952.02,1893.1514
1969.66,1903.18
1952.96,1908.3589
1991.94,1928.6179
2019.1,1934.1653
1977.14,1914.5757
1903.45,1872.9768
1890.29,1825.8611
1865.01,1803.1567
1860.68,1781.7693
1832.23,1740.8379
1730.62,1699.913
1784.5,1687.5088
1786.4,1696.9507
1752.85,1693.5939
1742.36,1642.4794
1686.81,1624.4904
1711.68,1629.6448
1717.45,1635.9431
1719.24,1637.1598
1704.15,1624.2793
1683.48,1605.1094
1689.36,1596.8735
1684.41,1590.0454
1657.86,1574.2832
1668.28,1562.8446
1641.35,1556.4738
1651.45,1551.7756
1651.74,1552.6296
1661.33,1546.2732
1609.23,1538.3805
1649.98,1540.191
1662.45,1551.7144
1647.22,1563.4711
1679.71,1570.0474
1653.68,1561.2974
1678.54,1557.3739
1619.86,1545.7266
1654.96,1531.5574
1631.77,1534.3799
1636.39,1539.5212
1642.6,1537.9819
1657.65,1548.6831
1639.23,1549.5696
1660.98,1547.1926
1643.82,1543.6118
1637.85,1532.866
1625.05,1522.6433
1624.86,1528.3469
1644.19,1519.991
1622.11,1522.2866
1577.09,1519.0063
1636.01,1520.8207
1661.91,1537.5286
1628.67,1544.5514
1617.35,1523.7168
1663.89,1516.9468
1567.48,1497.8264
1539.9,1491.0562
1694.14,1543.4542
1694.94,1632.4943
1723.06,1644.1575
1693.47,1615.0105
1706.21,1576.3315
1631.35,1493.306
1452.84,1451.9119
1675.37,1485.9812
1552.33,1544.5317
1527.86,1542.6755
1701.69,1542.1107
1677.3,1532.604
1476.96,1467.9968
1480.63,1406.6494
1418.61,1359.565
1493.48,1358.793
1372.87,1330.063
1357.6,1301.2974
1326.57,1309.2358
1458.42,1395.4043
1488.93,1440.8838
1485.4,1423.99
1418.08,1327.0723
1175.89,1179.2793
1095.43,1092.9629
1141.6,1105.5092
1222.83,1176.4307
1311.34,1189.0591
1051.02,1126.2627
1118.12,1028.9069
1109.06,1013.8176
1124.13,1043.7207
961.06,1046.354
1048.52,1079.9913
1267.77,1125.7754
1027.71,1087.1185
908.62,952.17554
1055.32,978.71136
1114.85,1082.2794
1177.43,1110.2471
1071.48,1130.7767
1168.4,1077.5242
964.2,893.8101
749.89,877.5404
1157.5,905.5502
781.67,928.8509
780.81,838.08563
828.48,830.25604
1043.91,865.30756
835.27,920.31885
1058.12,967.54114
1109.43,1088.956
1190.09,1200.78
1295.27,1245.7441
1290.07,1222.3718
1183.0,1184.1528
1110.97,1131.3408
1204.94,1126.721
1194.91,1151.8381
1088.09,1141.502
1188.66,1124.9142
1198.99,1151.3977
1095.79,1127.3563
1095.14,1091.6201
1120.4,1033.9624
1166.14,1010.8387
889.25,949.2052
957.64,843.0711
432.95,586.5215
440.04,363.00623
572.31,448.98077
622.35,597.3391
821.76,720.71985
708.24,639.0199
776.31,690.41595
759.98,675.5089
589.63,607.1519
455.84,465.98132
378.36,362.58063
466.43,375.0044
462.89,373.0763
536.34,631.40216
843.8,705.9709
503.77,545.2072
98.01,162.74261
210.05,90.681274
123.46,100.57361
206.14,282.66632
529.51,382.65393
451.72,331.83362
265.83,431.28827
812.18,535.3809
778.07,691.05743
677.8,695.5292
569.55,711.17505
679.92,631.46277
735.34,603.36365
660.98,657.4946
910.21,842.46735
709.91,760.5566
597.52,545.3152
454.4,426.4499
354.68,351.64066
392.43,358.35535
342.4,327.0617
382.88,375.50653
433.74,373.4343
384.25,395.74628
392.11,425.97552
562.64,469.08325
560.3,506.64105
513.69,552.5108
545.92,544.49695
626.48,525.42566
543.14,565.3896
545.01,575.4973
739.8,649.2523
632.92,639.31995
528.68,534.7497
455.96,398.67365
298.49,314.87823
296.73,291.92422
336.93,302.08478
349.85,365.69708
424.06,432.22876
538.92,509.32324
541.32,541.9066
572.31,552.3511
543.8,527.2953
465.82,465.44342
413.69,415.1822
423.86,381.7169
382.41,380.85364
418.15,378.30182
409.07,362.55206
295.34,322.7005
328.55,293.10193
354.73,295.46234
318.81,315.15118
345.49,325.19864
334.14,355.55426
475.17,420.69296
478.27,463.13882
460.7,437.5016
403.8,398.02374
378.52,371.2032
394.54,383.53467
463.57,448.50793
524.59,459.7246
414.4,450.25818
469.07,422.9563
395.39,402.9477
434.74,394.92996
394.72,347.69125
254.03,267.831
252.8,222.03638
205.65,224.88995
294.3,257.96466
312.97,303.72894
351.26,317.3822
274.11,280.70557
320.55,252.90668
189.4,207.51251
147.04,130.10056
86.4,81.320435
122.74,95.313965
137.82,121.28088
153.54,116.07483
66.21,72.40979
59.22,60.63092
100.45,82.70166
116.06,110.30725
129.39,123.000916
150.38,140.1908
166.3,133.26324
125.72,121.11423
106.72,81.84033
48.07,58.799377
74.38,52.041992
110.66,109.94409
152.83,121.08368
135.33,119.575806
120.09,87.83197
76.14,80.52869
96.29,66.52252
66.28,72.01099
92.72,92.903015
123.6,99.0199
138.35,117.99298
116.21,102.471985
78.85,74.295166
69.16,60.220703
78.46,61.172546
58.31,61.233154
72.01,57.197815
56.23,41.342285
31.14,22.909607
23.11,7.619812
0.0,-9.783508
0.0,-13.000122
0.0,-13.662842
0.0,-8.350037
0.0,-13.122131
0.0,-12.9019165
0.0,-8.105103
0.0,-12.96814
0.0,-11.533203
0.0,-14.440491
0.0,-10.155212
0.0,-12.309998
0.0,-8.526733
0.0,-7.5769043
0.0,-7.7682495
0.0,-7.849121
0.0,-10.661011
0.0,-12.795593
0.0,-5.8310547
0.0,-13.394531
0.0,-8.105469
0.0,-10.24707
0.0,-7.130554
0.0,-2.9468384
0.0,-7.8580933
0.0,-8.666321
0.0,-2.3960571
0.0,-7.6621704
0.0,-10.043396
0.0,-5.3079224
0.0,-7.1658325
0.0,-5.1189575
0.0,-2.8503418
0.0,-2.2634277
0.0,-6.3395996
0.0,-6.2139893
0.0,-1.0766602
0.0,-7.3079224
0.0,-6.6138916
0.0,-7.53656
0.0,-4.5459595
0.0,-4.1817627
0.0,-5.3653564
0.0,-7.649414
0.0,-1.4985962
0.0,-1.317627
0.0,-4.8082275
0.0,-6.138489
0.0,-9.521973
0.0,-9.86145
0.0,-4.8880005
0.0,10.500122
78.49,43.911255
71.76,66.976685
60.65,73.45245
92.86,77.57483
104.15,92.36505
124.62,110.18915
102.79,104.649536
131.52,104.92383
99.65,109.93439
94.13,125.94525
204.73,156.32458
197.12,180.51239
210.66,174.29352
147.69,156.99323
152.02,165.95212
223.1,219.0375
383.83,325.38934
344.5,385.85385
412.15,364.81604
361.25,285.78787
169.14,281.35687
400.5,293.05835
444.83,339.2701
213.27,336.02502
292.32,332.6316
457.16,336.65903
273.67,334.1568
361.46,281.07092
227.04,224.66724
175.54,166.38678
149.9,128.70813
146.83,105.740295
107.15,102.19299
107.35,119.52777
221.96,190.57916
301.16,263.77283
311.22,282.27478
237.71,260.89798
216.82,239.04224
259.4,250.98459
313.54,258.33173
203.48,215.49707
189.05,163.60391
145.66,128.93481
130.61,129.87793
156.6,160.43768
203.8,175.26447
212.25,212.50668
260.82,222.93848
221.86,211.37268
155.74,167.47803
164.56,147.74527
173.62,165.66507
207.92,191.36847
206.09,201.69214
196.37,222.37259
306.16,245.41003
217.75,235.78867
172.62,198.84216
175.58,193.22253
228.63,214.14853
277.48,248.7561
296.38,267.07608
217.83,268.00964
337.95,276.1429
311.66,282.4354
213.81,263.9391
267.3,243.48877
248.24,234.88562
309.76,240.92914
211.14,241.53363
212.67,261.95654
352.51,331.38098
462.98,416.65408
465.75,439.97095
412.34,396.93652
331.15,369.1955
378.59,355.9024
403.42,370.43555
358.04,378.45605
363.09,385.67877
449.73,432.2404
485.22,467.56567
489.06,476.25922
455.67,492.18182
536.46,491.879
495.58,540.9652
593.62,591.2726
686.18,674.6246
769.02,732.602
693.06,731.60364
764.97,700.26013
684.72,694.3273
649.97,700.9525
780.63,700.04834
755.35,752.1382
786.17,927.25586
1228.98,1073.6389
1119.39,1193.4114
1083.53,1229.8667
1493.39,1312.8193
1423.81,1367.2051
1277.25,1377.0452
1361.13,1285.0239
1132.99,1192.3995
1408.54,1348.4248
1285.93,1429.9741
1413.69,1379.016
1460.38,1418.233
1454.23,1491.9424
1591.83,1534.6069
1545.75,1526.5548
1467.73,1516.7592
1457.3,1513.2883
1529.7,1479.523
1492.74,1388.8896
1042.32,1168.7715
1202.37,1104.4038
1388.07,1279.9475
1375.84,1454.3156
1579.5,1549.3053
1620.24,1568.874
1781.26,1733.7195
1634.43,1707.6328
1574.48,1580.5435
1589.54,1606.203
1770.08,1733.7198
1622.57,1753.5137
1862.45,1788.4908
1918.72,1871.2092
1847.34,1954.6492
1840.11,1980.9241
1901.77,1969.7588
1928.45,1968.3251
2020.12,1947.5927
1997.52,1820.1132
1739.49,1637.3976
1503.11,1384.3726
821.66,1090.6877
1478.19,1089.2668
1648.38,1433.0403
1609.46,1480.2571
1377.14,1494.4545
1251.29,1478.2172
1430.71,1359.0681
1324.55,1196.6715
1122.44,1217.3254
1218.18,1359.501
1414.28,1379.1692
1547.42,1581.2184
1601.17,1632.7568
1675.79,1759.2034
1784.6,1804.4583
1815.98,1902.9988
1969.66,1960.3413
2005.73,2026.4441
2032.81,2041.0769
2031.27,2044.0035
1995.07,2015.8529
1978.64,2010.7793
1965.97,1950.3254
1822.59,1881.4314
2005.98,1926.5024
1932.43,2031.3074
2014.57,2023.8108
2006.92,2004.9668
2000.56,2027.5448
2016.43,2012.846
1923.56,1975.4812
2022.1,1981.4246
2007.83,2030.9188
2006.84,2009.5374
1942.08,1982.4502
1937.23,1954.1477
1974.89,1933.6528
1887.81,1896.882
1759.75,1844.19
1900.19,1821.0052
1772.35,1764.231
1554.05,1652.2644
1545.47,1492.1692
1311.27,1402.5303
1445.54,1423.1846
1500.27,1405.728
1233.71,1296.4746
1049.01,1141.5103
1145.91,1077.2478
976.48,1095.1871
1118.47,1141.1724
1271.21,1232.5555
1212.45,1330.228
1314.09,1350.483
1327.98,1357.5989
1590.53,1522.8174
1422.45,1524.5364
1228.03,1261.7937
1041.62,1111.3245
1097.6,1024.0724
830.05,979.574
1123.6,1046.3802
1322.42,1194.6355
1184.81,1193.5947
1038.44,1084.6827
858.6,985.4076
938.95,975.50806
1058.29,971.4823
861.01,974.32117
1012.34,968.726
1047.91,1036.916
1024.16,1079.4678
1096.22,1149.3497
1210.41,1183.8601
1165.62,1232.1997
1322.17,1258.9441
1147.81,1222.946
1102.08,1101.0785
1070.6,1004.08093
887.96,894.2861
694.16,759.77844
615.97,673.9331
633.44,648.58203
669.19,696.34204
761.48,793.2384
923.9,800.7475
628.86,777.6623
708.65,773.50037
919.74,844.6986
982.97,918.3348
1017.22,953.86273
823.23,865.9182
801.58,867.3517
924.23,850.05615
695.5,756.35693
735.54,755.253
953.96,846.268
944.92,1003.648
1192.08,1102.9146
924.81,1032.8306
922.28,978.0816
1066.07,957.7417
833.93,935.75464
959.48,874.3918
757.79,783.79785
674.1,740.6825
719.52,704.5313
736.12,743.456
843.55,824.79565
897.61,877.8186
873.37,918.21063
1034.78,953.7578
866.13,947.4691
918.4,890.3321
922.32,915.8725
1035.01,1001.1931
1085.78,1030.0114
982.72,1045.6709
1164.43,1093.8253
1073.8,1162.3019
1415.37,1297.4222
1407.13,1473.9111
1483.91,1476.0342
1410.89,1416.982
1453.05,1390.5156
1234.13,1255.4482
1040.83,1133.6682
1209.21,1147.1895
1229.51,1232.0687
1347.31,1212.9912
1108.67,1161.1919
964.1,1019.8203
822.01,978.7369
1094.95,1002.07996
1112.82,961.60223
768.53,977.3603
960.14,1008.4452
1198.1,1090.696
1194.67,1085.6361
787.31,894.3919
631.66,709.9072
756.06,688.92255
812.77,761.8917
791.02,945.3548
1085.39,1076.916
1195.44,1253.3115
1526.98,1378.3422
890.23,1140.4917
1000.61,1022.0742
1224.56,1044.2397
1052.74,1002.8319
865.09,927.6446
772.92,821.30444
666.27,747.6869
664.8,698.4323
664.33,679.4413
699.63,723.05725
846.78,775.13635
711.18,767.85657
829.61,713.29456
577.67,687.2446
619.79,624.54626
717.52,584.13196
459.61,568.88696
377.48,516.43994
527.53,639.98816
851.69,850.37445
1261.7,1098.5085
1259.08,1431.2136
1511.74,1644.7522
1800.0,1750.7021
1425.8,1572.1625
1179.36,1283.6777
1105.73,1086.2731
964.74,965.7009
1049.71,1012.19165
810.1,917.98676
1084.61,941.9535
963.09,960.312
812.97,860.2454
864.5,825.53656
796.48,803.01697
828.03,830.413
842.88,848.8688
868.43,887.4585
995.45,940.7844
910.18,954.50195
967.88,914.10657
754.47,809.9508
853.05,822.101
926.11,802.7804
689.41,769.2387
576.47,745.8214
881.52,817.68774
1099.05,1001.1932
970.41,1042.5535
897.15,1001.3483
976.78,894.88544
805.54,791.4569
719.37,758.7309
643.63,750.42035
785.67,819.34644
962.29,946.88025
1149.64,1014.96826
920.43,1042.442
869.43,1045.7185
974.63,1098.185
1170.54,1164.2399
1375.77,1196.7957
1240.59,1169.4102
1077.78,1067.0115
878.59,935.86694
627.12,812.6296
566.77,685.9641
566.64,611.48175
721.35,584.8762
534.95,534.5509
386.51,499.9181
350.03,476.89075
411.19,456.71317
534.99,436.73486
510.21,411.67157
388.82,385.2624
281.15,355.75592
260.92,338.85724
306.59,331.5362
374.93,285.47528
154.15,224.81659
99.97,113.05792
76.59,97.473206
151.18,116.76782
119.88,134.42404
130.07,131.37073
190.96,118.66791
103.06,105.30029
46.44,104.62152
76.06,149.51794
309.35,216.02112
91.07,184.24591
0.0,53.80304
0.0,-4.8807373
0.0,-17.009705
0.0,18.772522
57.69,25.489136
0.0,12.915527
0.0,25.806335
52.17,47.343384
129.53,77.24463
76.38,70.245544
13.87,31.330627
0.0,-11.219788
0.27,8.510559
15.11,31.536255
89.45,65.05121
107.88,105.50763
122.74,93.73627
51.4,74.25787
33.59,27.021606
19.93,21.782532
30.14,44.775574
159.7,135.98376
177.54,153.72809
102.06,112.28589
71.44,68.66681
2.97,20.328125
0.0,28.096619
97.87,58.590454
67.19,121.77164
231.46,172.55542
205.72,216.40509
162.17,220.23843
339.27,231.44543
245.76,273.01508
304.74,283.97998
127.77,198.51324
440.61,321.83527
569.22,523.3572
505.78,523.2975
526.21,485.24185
331.26,389.23032
325.47,349.2868
375.77,311.20798
239.31,281.02963
202.03,278.30237
365.34,346.05835
373.97,337.32666
249.32,306.36368
158.31,167.15497
115.93,139.08466
96.11,142.77554
122.73,166.43225
270.65,261.6786
398.11,342.79135
246.63,311.23087
333.94,290.72113
141.5,264.36053
173.16,235.73499
272.06,285.28882
386.15,425.42523
746.87,665.9645
699.7,823.90955
818.67,773.1884
619.98,837.5668
1277.84,1066.4285
1077.32,1263.2473
1358.35,1168.256
876.25,1088.3383
786.28,739.6936
606.66,596.8667
895.79,885.458
755.66,808.0189
672.25,749.2108
871.05,717.6298
561.81,720.3185
456.26,530.9214
465.36,426.3296
466.13,474.44672
413.67,451.34784
523.57,507.58328
397.84,444.15256
399.92,383.38672
313.79,346.32574
286.78,348.91022
403.03,349.99268
409.42,394.7588
299.78,437.7171
609.02,492.92303
512.6,525.7772
390.51,524.79065
377.82,547.3457
500.46,592.90686
735.59,645.9391
775.63,662.39124
597.44,617.34033
417.88,538.9922
406.68,453.8425
406.26,360.2855
327.93,305.9323
186.87,260.66745
246.66,235.48276
228.01,247.49493
295.3,266.23517
220.45,280.463
273.34,285.02414
317.21,345.4353
401.09,427.12817
497.14,484.7317
471.36,462.02496
361.08,418.11896
380.39,372.99194
328.47,357.77435
342.89,358.41565
430.45,443.11963
450.87,465.4302
478.62,497.79224
495.0,489.14575
404.97,498.08673
574.88,503.5545
478.61,477.3864
299.64,386.6872
360.54,341.77808
358.69,346.12097
317.56,371.2129
388.21,385.1853
348.91,391.49548
419.66,409.47015
388.92,419.03363
397.68,418.23752
413.07,410.58856
364.42,410.05527
370.02,405.15033
373.73,421.33734
486.1,437.42078
461.75,443.97882
322.92,424.71008
364.1,441.29547
535.86,509.10785
569.66,549.73376
476.73,531.67596
419.75,481.16278
419.75,389.26385
311.03,315.79938
206.35,280.7675
353.33,333.59583
386.8,408.9109
446.5,424.35696
273.2,372.0788
378.3,363.38922
417.21,405.29144
372.15,435.4422
420.31,437.30228
392.19,434.76526
423.22,448.0522
440.76,473.20416
485.56,479.7898
395.84,454.8181
408.38,414.14606
372.66,400.20508
376.42,397.7532
364.39,401.85516
354.18,398.37387
401.56,401.75568
350.54,367.81934
294.0,305.12347
167.81,226.10474
122.41,145.22992
106.01,135.27014
105.82,124.56531
72.06,116.15802
119.71,118.88849
150.54,137.43494
94.86,149.10208
82.39,157.05795
250.08,216.86755
267.48,310.16605
329.79,308.38837
291.09,301.8431
176.08,240.24496
196.13,235.05624
250.82,283.13428
378.2,376.77295
317.12,399.03674
384.08,401.90024
401.53,360.6598
220.24,272.2396
80.42,164.09296
101.12,126.05713
150.92,138.26202
103.41,176.73944
193.74,185.20013
140.2,189.65613
162.41,184.9209
143.57,191.91193
205.49,210.36292
195.42,236.2876
245.07,252.93237
201.98,255.56439
305.17,276.58258
321.35,278.18814
215.94,304.1206
266.06,364.02277
562.66,505.51154
466.48,551.6316
423.95,473.30145
362.66,376.2333
270.16,304.40155
213.38,250.65936
159.45,210.3465
154.34,182.93292
133.84,168.17648
83.95,150.42969
113.51,128.61472
67.32,117.08984
84.92,101.61969
59.01,93.65265
31.12,74.27203
22.86,64.02295
52.54,68.13953
51.61,102.64935
94.4,117.72577
111.96,121.13397
78.88,116.491455
76.75,118.80597
96.2,126.433655
152.69,175.86469
202.42,223.48596
204.34,249.86511
226.17,261.8529
248.89,289.2155
293.72,325.5014
305.31,329.97446
282.55,314.40216
283.69,289.5697
232.6,277.2191
213.35,258.95135
227.94,288.21002
340.16,340.29987
372.34,435.0954
436.25,458.8056
465.87,465.93805
349.48,416.0656
336.68,345.53796
279.05,320.4297
290.03,321.72888
279.73,289.05466
261.58,364.62958
443.8,407.16403
353.51,380.8804
171.67,269.13345
205.24,207.54657
170.2,196.711
152.09,199.25626
208.27,239.99036
174.22,234.9794
217.77,256.3587
239.57,295.09106
241.06,275.43326
215.71,220.69922
0.0,109.23285
0.0,28.087097
0.0,22.694824
0.0,31.387817
0.0,37.98883
0.0,30.326904
0.0,36.14453
0.0,31.913696
0.0,31.035156
0.0,31.786804
0.0,38.70819
1.56,47.80066
61.09,79.01178
59.78,105.74176
82.42,126.32391
113.31,148.68225
126.22,166.20084
136.91,158.4347
74.91,119.85504
29.02,66.91687
4.47,38.74591
8.63,39.29242
4.19,48.575806
20.64,46.904785
17.74,51.711487
11.91,52.38916
21.24,55.530518
37.29,53.1167
18.62,58.24066
12.98,51.596985
5.45,44.738647
24.05,49.442566
21.84,57.32141
4.86,50.35742
11.8,45.611633
11.53,45.759277
31.77,60.81604
57.51,78.802
33.36,91.35889
84.6,123.65701
153.03,172.79971
141.8,195.39365
162.36,188.02264
120.8,154.01044
87.69,128.22968
77.5,111.87543
79.33,110.560425
45.6,106.421265
109.17,110.29974
56.97,112.25195
47.74,91.75958
72.73,81.96936
10.16,64.069824
7.11,49.144287
21.45,37.86438
1.5,36.354004
0.0,33.79962
0.0,32.27307
9.38,59.68695
66.7,87.00427
84.64,112.359985
53.5,112.67517
82.43,104.33136
56.82,106.53723
79.15,105.96442
77.94,96.88373
18.5,72.12494
5.77,57.685486
52.36,70.11017
56.45,93.58551
52.09,80.25098
24.24,60.557373
6.83,41.87207
0.0,33.1391
6.69,41.583984
25.17,53.21466
9.41,57.512085
45.24,70.78143
47.14,84.1759
55.36,98.38818
70.25,108.05249
77.65,117.53369
100.02,118.33716
60.41,101.6181
39.73,73.12158
22.81,59.811157
24.04,48.97174
16.82,60.405273
39.02,64.86578
39.91,74.08386
48.29,83.7074
35.06,76.75256
42.62,56.13391
7.12,51.163635
0.0,40.75836
0.0,30.792847
0.0,32.33905
0.0,37.70813
0.0,33.715637
0.0,30.527527
0.0,32.24713
6.53,49.371155
35.97,66.46246
57.71,91.885925
73.47,99.38483
49.61,84.64148
11.66,58.100464
17.74,46.36029
14.0,46.541504
5.12,40.412415
0.0,34.770752
0.0,30.435669
0.0,47.98004
27.49,74.19946
76.91,98.08911
72.04,108.76636
36.35,74.55188
15.24,59.83722
24.27,49.137573
15.51,52.262512
0.0,50.13501
33.11,54.581543
18.94,62.071167
41.12,68.346436
25.4,64.55493
40.63,71.762634
67.71,78.75842
24.93,72.15198
22.89,53.904358
30.51,63.393616
48.32,81.712036
57.79,84.17877
31.74,69.78113
0.0,37.33545
0.0,30.82788
0.0,28.616394
0.0,35.057617
0.0,29.76538
0.0,31.44806
0.0,31.383545
0.0,29.406616
0.0,32.144165
0.0,36.31598
0.0,28.813782
0.0,29.342041
0.0,35.406372
0.0,31.95398
0.0,31.643555
0.0,33.935608
0.0,35.24164
0.0,31.308289
0.0,27.182129
0.0,30.661072
0.0,39.004578
32.13,56.794495
62.02,93.76868
89.66,117.273315
98.98,129.06909
98.26,119.77692
61.99,112.13135
92.79,105.0827
77.07,112.056885
89.9,116.897644
94.57,121.77008
99.04,134.88672
131.41,163.0665
172.02,193.03094
186.05,226.56775
220.74,251.39496
242.13,277.33313
284.28,283.75473
265.45,282.75922
214.06,268.22702
218.11,260.69037
247.47,286.2151
317.69,317.61517
268.28,292.66998
180.41,234.47583
154.05,180.11841
147.6,162.24701
111.99,152.4118
144.52,166.36499
145.1,153.85504
102.42,137.22339
56.29,110.66748
87.98,108.007935
91.59,111.738464
101.69,116.31824
68.18,98.54999
55.2,96.84796
92.87,122.597534
137.92,166.18787
172.86,192.47528
169.58,185.80206
130.64,147.43079
68.42,102.86725
27.36,55.943237
20.98,34.31378
0.0,44.063354
24.73,58.57013
